sensor_full_name,sensor_url,sensor_price
Индуктивные датчики,Бесконтактный выключатель,"ISB AF4B-31P-5-LZ-4,5",https://teko-com.ru/index.php?route=product/product&path=1437&product_id=17324,1 350 р.
Индуктивные датчики,Бесконтактный выключатель,ISN ET8A-31N-15-LZ,https://teko-com.ru/product/isn-et8a-31n-15-lz.html,1 990 р.
Индуктивные датчики,Бесконтактный выключатель,ISB A4B-31P-5-LZ-C,https://teko-com.ru/product/isb-a4b-31p-5-lz-c.html,2 050 р.
Индуктивные датчики,Бесконтактный выключатель,ISB A4B-31P-5-LZ,https://teko-com.ru/product/isb-a4b-31p-5-lz.html,1 600 р.
Индуктивные датчики,Бесконтактный выключатель,"ISBt AC27B8-32P-4F-LTR9-C-P1-0,2",https://teko-com.ru/product/isbt-ac27b8-32p-4f-ltr9-c-p1-0-2.html,3 340 р.
Индуктивные датчики,Бесконтактный выключатель,ISN F4A-31P-8-LZ,https://teko-com.ru/product/isn-f4a-31p-8-lz.html,1 490 р.
Индуктивные датчики,Бесконтактный выключатель,"ISB AC12S-31P-1,5-LS4-H",https://teko-com.ru/product/isb-ac12s-31p-1-5-ls4-h.html,3 780 р.
Индуктивные датчики,Бесконтактный выключатель,"ISB B1B-31P-1,5F-LP-C",https://teko-com.ru/product/isb-b1b-31p-1-5f-lp-c.html,2 190 р.
Индуктивные датчики,Бесконтактный выключатель,ISB AC8A-43P-10-LZS4,https://teko-com.ru/product/isb-ac8a-43p-10-lzs4.html,2 140 р.
Индуктивные датчики,Бесконтактный выключатель,ISN F4A-32P-8-LZ,https://teko-com.ru/product/isn-f4a-32p-8-lz.html,1 910 р.
Индуктивные датчики,Бесконтактный выключатель,ISB A4A8-31P-5F-LZT1-C-P,https://teko-com.ru/product/isb-a4a8-31p-5f-lzt1-c-p.html,1 740 р.
Индуктивные датчики,Бесконтактный выключатель,"ISB WC29S8-31P-1,5-ZS4-2",https://teko-com.ru/product/isb-wc29s8-31p-1-5-zs4-2.html,6 500 р.
Индуктивные датчики,Бесконтактный выключатель,ISN E73A-02G-15-L,https://teko-com.ru/product/isn-e73a-02g-15-l.html,2 470 р.
Индуктивные датчики,Бесконтактный выключатель,ISB AF42A-11G-5-LZ-C,https://teko-com.ru/product/isb-af42a-11g-5-lz-c.html,2 740 р.
Индуктивные датчики,Бесконтактный выключатель,ISN ET6A-43P-10-LZ,https://teko-com.ru/product/isn-et6a-43p-10-lz.html,2 150 р.
Индуктивные датчики,Бесконтактный выключатель,ISN ET8A-43N-15-LZ-C,https://teko-com.ru/product/isn-et8a-43n-15-lz-c.html,3 220 р.
Индуктивные датчики,Бесконтактный выключатель,"ISB WB22A8-31N-1,5-Z-1C-1",https://teko-com.ru/product/isb-wb22a8-31n-1-5-z-1c-1.html,5 830 р.
Индуктивные датчики,Бесконтактный выключатель,ISB A4A-31P-5-LZ,https://teko-com.ru/product/isb-a4a-31p-5-lz.html,1 580 р.
Индуктивные датчики,Бесконтактный выключатель,ISB AF41A-31P-5-LZ-C,https://teko-com.ru/product/isb-af41a-31p-5-lz-c.html,1 850 р.
Индуктивные датчики,Бесконтактный выключатель,ISN I7P5-R25-N-4,https://teko-com.ru/product/isn-i7p5-r25-n-4.html,3 240 р.
Индуктивные датчики,Бесконтактный выключатель,ISB B2B-32P-4-L-D,https://teko-com.ru/product/isb-b2b-32p-4-l-d.html,2 190 р.
Индуктивные датчики,Индуктивный преобразователь перемещения,ISAN E41A-31P-8-P,https://teko-com.ru/product/isan-e41a-31p-8-p.html,2 350 р.
Индуктивные датчики,Бесконтактный выключатель,ISN E4A-31P-8-LZ,https://teko-com.ru/product/isn-e4a-31p-8-lz.html,1 760 р.
Индуктивные датчики,Бесконтактный выключатель,ISB AC7A-31P-10-LZS4,https://teko-com.ru/product/isb-ac7a-31p-10-lzs4.html,1 590 р.
Индуктивные датчики,Бесконтактный выключатель,"ISB A11B-31N-1,5-L-C",https://teko-com.ru/product/isb-a11b-31n-1-5-l-c.html,2 480 р.
Индуктивные датчики,Бесконтактный выключатель,ISB I1P-31N-5-LZ,https://teko-com.ru/product/isb-i1p-31n-5-lz.html,1 400 р.
Индуктивные датчики,Бесконтактный выключатель,ISB AF4A-31P-5-LZ-C-1,https://teko-com.ru/product/isb-af4a-31p-5-lz-c-1.html,1 740 р.
Индуктивные датчики,Бесконтактный выключатель,ISB AF4A-31P-5-LZ,https://teko-com.ru/index.php?route=product/product&path=1437&product_id=17313,1 420 р.
Индуктивные датчики,Бесконтактный выключатель,ISB BC7A-31P-15-LS4,https://teko-com.ru/product/isb-bc7a-31p-15-ls4.html,2 630 р.
Индуктивные датчики,Бесконтактный выключатель,ISB AF9A-31P-12-LZ,https://teko-com.ru/product/isb-af9a-31p-12-lz.html,1 700 р.
Индуктивные датчики,Бесконтактный выключатель,ISB A2B-31P-2-LZ,https://teko-com.ru/product/isb-a2b-31p-2-lz.html,1 360 р.
Индуктивные датчики,Бесконтактный выключатель,ISB B7A-32P-10-L-C,https://teko-com.ru/product/isb-b7a-32p-10-l-c.html,1 950 р.
Индуктивные датчики,Бесконтактный выключатель,ISB AF4A-31N-5-LZ-C,https://teko-com.ru/product/isb-af4a-31n-5-lz-c.html,2 080 р.
Индуктивные датчики,Бесконтактный выключатель,"ISB AC12B-31P-1,5-LS4-H",https://teko-com.ru/product/isb-ac12b-31p-1-5-ls4-h.html,3 120 р.
Индуктивные датчики,Бесконтактный выключатель,ISB A4B-43P-5-LZ-C,https://teko-com.ru/product/isb-a4b-43p-5-lz-c.html,2 090 р.
Индуктивные датчики,Бесконтактный выключатель,ISB B4A-32N-8-LZ,https://teko-com.ru/product/isb-b4a-32n-8-lz.html,2 340 р.
Индуктивные датчики,Бесконтактный выключатель,"ISN F1B-31N-2,5-L",https://teko-com.ru/product/isn-f1b-31n-2-5-l.html,1 800 р.
Индуктивные датчики,Бесконтактный выключатель,ISN EC8A-31P-15-LZS4,https://teko-com.ru/product/isn-ec8a-31p-15-lzs4.html,2 520 р.
Индуктивные датчики,Бесконтактный выключатель,ISB BC7A-10-N-S4,https://teko-com.ru/product/isb-bc7a-10-n-s4.html,2 880 р.
Индуктивные датчики,Бесконтактный выключатель,ISB AC4A-31N-5-LS4-C,https://teko-com.ru/product/isb-ac4a-31n-5-ls4-c.html,1 980 р.
Индуктивные датчики,Бесконтактный выключатель,IV11B AF81A5-02G-10-L,https://teko-com.ru/product/iv11b-af81a5-02g-10-l.html,4 360 р.
Индуктивные датчики,Бесконтактный выключатель,ISN EC85P-312P-35G-LZS4,https://teko-com.ru/product/isn-ec85p-312p-35g-lzs4.html,3 840 р.
Индуктивные датчики,Бесконтактный выключатель,ISB A8A-43P-10-LZ,https://teko-com.ru/product/isb-a8a-43p-10-lz.html,2 140 р.
Индуктивные датчики,Бесконтактный выключатель,ISN F2A-31P-4-L,https://teko-com.ru/product/isn-f2a-31p-4-l.html,1 670 р.
Индуктивные датчики,Бесконтактный выключатель,"ISB B11B-31N-1,5-L-V",https://teko-com.ru/product/isb-b11b-31n-1-5-l-v.html,2 040 р.
Индуктивные датчики,Бесконтактный выключатель,ISB AT26A-21-2-LP,https://teko-com.ru/product/isb-at26a-21-2-lp.html,2 010 р.
Индуктивные датчики,Бесконтактный выключатель,ISN E4A-21-8-LP,https://teko-com.ru/product/isn-e4a-21-8-lp.html,2 630 р.
Индуктивные датчики,Бесконтактный выключатель,ISB W32B-4-N-1-C,https://teko-com.ru/product/isb-w32b-4-n-1-c.html,13 630 р.
Индуктивные датчики,Бесконтактный выключатель,ISB B2A8-31N-3-LP-C,https://teko-com.ru/product/isb-b2a8-31n-3-lp-c.html,1 680 р.
Индуктивные датчики,Бесконтактный выключатель,ISB AC12B-31P-3-LS4,https://teko-com.ru/product/isb-ac12b-31p-3-ls4.html,2 500 р.
Индуктивные датчики,Бесконтактный выключатель,ISB A8B-31P-10-LZ-C-1,https://teko-com.ru/product/isb-a8b-31p-10-lz-c-1.html,2 690 р.
Индуктивные датчики,Бесконтактный выключатель,ISN F7A-32N-15E-LZ-P,https://teko-com.ru/product/isn-f7a-32n-15e-lz-p.html,1 910 р.
Индуктивные датчики,Бесконтактный выключатель,ISN E71A-11-14-LZ,https://teko-com.ru/product/isn-e71a-11-14-lz.html,3 260 р.
Индуктивные датчики,Индуктивный выключатель,ISN EF8B-32N-15-LZ,https://teko-com.ru/product/isn-ef8b-32n-15-lz.html,2 110 р.
Индуктивные датчики,Бесконтаткный выключатель,ISBt A4A8-32P-5F-LZ-C-P,https://teko-com.ru/product/isbt-a4a8-32p-5f-lz-c-p.html,1 870 р.
Индуктивные датчики,Бесконтактный выключатель,ISN F4A-32N-8-L-C,https://teko-com.ru/product/isn-f4a-32n-8-l-c.html,2 380 р.
Индуктивные датчики,Бесконтактный выключатель,ISN ET8A-31P-15-LZ,https://teko-com.ru/product/isn-et8a-31p-15-lz.html,1 890 р.
Индуктивные датчики,Бесконтактный выключатель,ISN E4A-31P-12-LZ-5,https://teko-com.ru/product/isn-e4a-31p-12-lz-5.html,1 860 р.
Индуктивные датчики,Бесконтактный выключатель,ISB BC7A-10-N-S4-C,https://teko-com.ru/product/isb-bc7a-10-n-s4-c.html,3 090 р.
Индуктивные датчики,Бесконтактный выключатель,ISB AF4A-31P-5F-LZ-C,https://teko-com.ru/product/isb-af4a-31p-5f-lz-c.html,1 850 р.
Индуктивные датчики,Бесконтактный выключатель,ISB AC81A-12G-10-LZS27,https://teko-com.ru/product/isb-ac81a-12g-10-lzs27.html,2 400 р.
Индуктивные датчики,Бесконтактный выключатель,ISB A4A-31N-8-LZ,https://teko-com.ru/product/isb-a4a-31n-8-lz.html,1 800 р.
Индуктивные датчики,Бесконтактный выключатель,ISB L3A-31P-10E-LZ,https://teko-com.ru/product/isb-l3a-31p-10e-lz.html,1 340 р.
Индуктивные датчики,Бесконтактный выключатель,ISBtEx AF8A8-31P-10-LZ-C-P-4,https://teko-com.ru/product/isbtex-af8a8-31p-10-lz-c-p-4.html,2 800 р.
Индуктивные датчики,Бесконтактный выключатель,ISB BS7A-10-N,https://teko-com.ru/product/isb-bs7a-10-n.html,2 700 р.
Индуктивные датчики,Бесконтактный выключатель,ISB BC2A-31N-3-LS4,https://teko-com.ru/product/isb-bc2a-31n-3-ls4.html,2 050 р.
Индуктивные датчики,Бесконтактный выключатель,"ISB A11B-31P-1,5-L-C",https://teko-com.ru/product/isb-a11b-31p-1-5-l-c.html,2 360 р.
Индуктивные датчики,Бесконтактный выключатель,ISN F4A-31P-8-L,https://teko-com.ru/product/isn-f4a-31p-8-l.html,1 460 р.
Индуктивные датчики,Бесконтактный выключатель,ISN F4A-31N-8-LP-C,https://teko-com.ru/product/isn-f4a-31n-8-lp-c.html,1 890 р.
Индуктивные датчики,Бесконтактный выключатель,ISN E41A-43P-8-LZ,https://teko-com.ru/product/isn-e41a-43p-8-lz.html,1 600 р.
Индуктивные датчики,Бесконтактный выключатель,ISBt AC8A8-32P-10F-ZS4-C-P,https://teko-com.ru/product/isbt-ac8a8-32p-10f-zs4-c-p.html,1 730 р.
Индуктивные датчики,Бесконтактный выключатель,ISN I7P5-43P-R50-LZ,https://teko-com.ru/product/isn-i7p5-43p-r50-lz.html,3 500 р.
Индуктивные датчики,Бесконтактный выключатель,ISB B2A8-31N-3-LP-C,https://teko-com.ru/product/isb-b2a8-31n-3-lp-c.html,1 680 р.
Индуктивные датчики,Бесконтактный выключатель,ISB AC12B-31P-3-LS4,https://teko-com.ru/product/isb-ac12b-31p-3-ls4.html,2 500 р.
Индуктивные датчики,Бесконтактный выключатель,ISB A8B-31P-10-LZ-С-1,https://teko-com.ru/product/isb-a8b-31p-10-lz-c-1.html,2 690 р.
Индуктивные датчики,Бесконтактный выключатель,ISN F7A-32N-15E-LZ-P,https://teko-com.ru/product/isn-f7a-32n-15e-lz-p.html,1 910 р.
Индуктивные датчики,Бесконтактный выключатель,ISN E71A-11-14-LZ,https://teko-com.ru/product/isn-e71a-11-14-lz.html,3 260 р.
Индуктивные датчики,Индуктивный выключатель,ISN EF8B-32N-15-LZ,https://teko-com.ru/product/isn-ef8b-32n-15-lz.html,2 110 р.
Индуктивные датчики,Бесконтаткный выключатель,ISBt A4A8-32P-5F-LZ-C-P,https://teko-com.ru/product/isbt-a4a8-32p-5f-lz-c-p.html,1 870 р.
Индуктивные датчики,Бесконтактный выключатель,ISN F4A-32N-8-L-C,https://teko-com.ru/product/isn-f4a-32n-8-l-c.html,2 380 р.
Индуктивные датчики,Бесконтактный выключатель,ISN ET8A-31P-15-LZ,https://teko-com.ru/product/isn-et8a-31p-15-lz.html,1 890 р.
Индуктивные датчики,Бесконтактный выключатель,ISN E4A-31P-12-LZ-5,https://teko-com.ru/product/isn-e4a-31p-12-lz-5.html,1 860 р.
Индуктивные датчики,Бесконтактный выключатель,ISB BC7A-10-N-S4-C,https://teko-com.ru/product/isb-bc7a-10-n-s4-c.html,3 090 р.
Индуктивные датчики,Бесконтактный выключатель,ISB AF4A-31P-5F-LZ-C,https://teko-com.ru/product/isb-af4a-31p-5f-lz-c.html,1 850 р.
Индуктивные датчики,Бесконтактный выключатель,ISB AC81A-12G-10-LZS27,https://teko-com.ru/product/isb-ac81a-12g-10-lzs27.html,2 400 р.
Индуктивные датчики,Бесконтактный выключатель,ISB A4A-31N-8-LZ,https://teko-com.ru/product/isb-a4a-31n-8-lz.html,1 800 р.
Индуктивные датчики,Бесконтактный выключатель,ISB L3A-31P-10E-LZ,https://teko-com.ru/product/isb-l3a-31p-10e-lz.html,1 340 р.
Индуктивные датчики,Бесконтактный выключатель,ISBtEx AF8A8-31P-10-LZ-C-P-4,https://teko-com.ru/product/isbtex-af8a8-31p-10-lz-c-p-4.html,2 800 р.
Индуктивные датчики,Бесконтактный выключатель,ISB BS7A-10-N,https://teko-com.ru/product/isb-bs7a-10-n.html,2 700 р.
Индуктивные датчики,Бесконтактный выключатель,ISB BC2A-31N-3-LS4,https://teko-com.ru/product/isb-bc2a-31n-3-ls4.html,2 050 р.
Индуктивные датчики,Бесконтактный выключатель,"ISB A11B-31P-1,5-L-C",https://teko-com.ru/product/isb-a11b-31p-1-5-l-c.html,2 360 р.
Индуктивные датчики,Бесконтактный выключатель,ISN F4A-31P-8-L,https://teko-com.ru/product/isn-f4a-31p-8-l.html,1 460 р.
Индуктивные датчики,Бесконтактный выключатель,ISN F4A-31N-8-LP-C,https://teko-com.ru/product/isn-f4a-31n-8-lp-c.html,1 890 р.
Индуктивные датчики,Бесконтактный выключатель,ISN E41A-43P-8-LZ,https://teko-com.ru/product/isn-e41a-43p-8-lz.html,1 600 р.
Индуктивные датчики,Бесконтактный выключатель,ISBt AC8A8-32P-10F-ZS4-C-P,https://teko-com.ru/product/isbt-ac8a8-32p-10f-zs4-c-p.html,1 730 р.
Индуктивные датчики,Бесконтактный выключатель,ISN I7P5-43P-R50-LZ,https://teko-com.ru/product/isn-i7p5-43p-r50-lz.html,3 500 р.
РРЅРґСѓРєС‚РёРІРЅС‹Рµ РґР°С‚С‡РёРєРё,Р‘РµСЃРєРѕРЅС‚Р°РєС‚РЅС‹Р№ РІС‹РєР»СЋС‡Р°С‚РµР»СЊ,ISB B2A8-31N-3-LP-C,https://teko-com.ru/product/isb-b2a8-31n-3-lp-c.html,1 680 СЂ.
РРЅРґСѓРєС‚РёРІРЅС‹Рµ РґР°С‚С‡РёРєРё,Р‘РµСЃРєРѕРЅС‚Р°РєС‚РЅС‹Р№ РІС‹РєР»СЋС‡Р°С‚РµР»СЊ,ISB AC12B-31P-3-LS4,https://teko-com.ru/product/isb-ac12b-31p-3-ls4.html,2 500 СЂ.
РРЅРґСѓРєС‚РёРІРЅС‹Рµ РґР°С‚С‡РёРєРё,Р‘РµСЃРєРѕРЅС‚Р°РєС‚РЅС‹Р№ РІС‹РєР»СЋС‡Р°С‚РµР»СЊ,ISB A8B-31P-10-LZ-РЎ-1,https://teko-com.ru/product/isb-a8b-31p-10-lz-c-1.html,2 690 СЂ.
РРЅРґСѓРєС‚РёРІРЅС‹Рµ РґР°С‚С‡РёРєРё,Р‘РµСЃРєРѕРЅС‚Р°РєС‚РЅС‹Р№ РІС‹РєР»СЋС‡Р°С‚РµР»СЊ,ISN F7A-32N-15E-LZ-P,https://teko-com.ru/product/isn-f7a-32n-15e-lz-p.html,1 910 СЂ.
РРЅРґСѓРєС‚РёРІРЅС‹Рµ РґР°С‚С‡РёРєРё,Р‘РµСЃРєРѕРЅС‚Р°РєС‚РЅС‹Р№ РІС‹РєР»СЋС‡Р°С‚РµР»СЊ,ISN E71A-11-14-LZ,https://teko-com.ru/product/isn-e71a-11-14-lz.html,3 260 СЂ.
РРЅРґСѓРєС‚РёРІРЅС‹Рµ РґР°С‚С‡РёРєРё,РРЅРґСѓРєС‚РёРІРЅС‹Р№ РІС‹РєР»СЋС‡Р°С‚РµР»СЊ,ISN EF8B-32N-15-LZ,https://teko-com.ru/product/isn-ef8b-32n-15-lz.html,2 110 СЂ.
РРЅРґСѓРєС‚РёРІРЅС‹Рµ РґР°С‚С‡РёРєРё,Р‘РµСЃРєРѕРЅС‚Р°С‚РєРЅС‹Р№ РІС‹РєР»СЋС‡Р°С‚РµР»СЊ,ISBt A4A8-32P-5F-LZ-C-P,https://teko-com.ru/product/isbt-a4a8-32p-5f-lz-c-p.html,1 870 СЂ.
РРЅРґСѓРєС‚РёРІРЅС‹Рµ РґР°С‚С‡РёРєРё,Р‘РµСЃРєРѕРЅС‚Р°РєС‚РЅС‹Р№ РІС‹РєР»СЋС‡Р°С‚РµР»СЊ,ISN F4A-32N-8-L-C,https://teko-com.ru/product/isn-f4a-32n-8-l-c.html,2 380 СЂ.
РРЅРґСѓРєС‚РёРІРЅС‹Рµ РґР°С‚С‡РёРєРё,Р‘РµСЃРєРѕРЅС‚Р°РєС‚РЅС‹Р№ РІС‹РєР»СЋС‡Р°С‚РµР»СЊ,ISN ET8A-31P-15-LZ,https://teko-com.ru/product/isn-et8a-31p-15-lz.html,1 890 СЂ.
РРЅРґСѓРєС‚РёРІРЅС‹Рµ РґР°С‚С‡РёРєРё,Р‘РµСЃРєРѕРЅС‚Р°РєС‚РЅС‹Р№ РІС‹РєР»СЋС‡Р°С‚РµР»СЊ,ISN E4A-31P-12-LZ-5,https://teko-com.ru/product/isn-e4a-31p-12-lz-5.html,1 860 СЂ.
РРЅРґСѓРєС‚РёРІРЅС‹Рµ РґР°С‚С‡РёРєРё,Р‘РµСЃРєРѕРЅС‚Р°РєС‚РЅС‹Р№ РІС‹РєР»СЋС‡Р°С‚РµР»СЊ,ISB BC7A-10-N-S4-C,https://teko-com.ru/product/isb-bc7a-10-n-s4-c.html,3 090 СЂ.
РРЅРґСѓРєС‚РёРІРЅС‹Рµ РґР°С‚С‡РёРєРё,Р‘РµСЃРєРѕРЅС‚Р°РєС‚РЅС‹Р№ РІС‹РєР»СЋС‡Р°С‚РµР»СЊ,ISB AF4A-31P-5F-LZ-C,https://teko-com.ru/product/isb-af4a-31p-5f-lz-c.html,1 850 СЂ.
РРЅРґСѓРєС‚РёРІРЅС‹Рµ РґР°С‚С‡РёРєРё,Р‘РµСЃРєРѕРЅС‚Р°РєС‚РЅС‹Р№ РІС‹РєР»СЋС‡Р°С‚РµР»СЊ,ISB AC81A-12G-10-LZS27,https://teko-com.ru/product/isb-ac81a-12g-10-lzs27.html,2 400 СЂ.
РРЅРґСѓРєС‚РёРІРЅС‹Рµ РґР°С‚С‡РёРєРё,Р‘РµСЃРєРѕРЅС‚Р°РєС‚РЅС‹Р№ РІС‹РєР»СЋС‡Р°С‚РµР»СЊ,ISB A4A-31N-8-LZ,https://teko-com.ru/product/isb-a4a-31n-8-lz.html,1 800 СЂ.
РРЅРґСѓРєС‚РёРІРЅС‹Рµ РґР°С‚С‡РёРєРё,Р‘РµСЃРєРѕРЅС‚Р°РєС‚РЅС‹Р№ РІС‹РєР»СЋС‡Р°С‚РµР»СЊ,ISB L3A-31P-10E-LZ,https://teko-com.ru/product/isb-l3a-31p-10e-lz.html,1 340 СЂ.
РРЅРґСѓРєС‚РёРІРЅС‹Рµ РґР°С‚С‡РёРєРё,Р‘РµСЃРєРѕРЅС‚Р°РєС‚РЅС‹Р№ РІС‹РєР»СЋС‡Р°С‚РµР»СЊ,ISBtEx AF8A8-31P-10-LZ-C-P-4,https://teko-com.ru/product/isbtex-af8a8-31p-10-lz-c-p-4.html,2 800 СЂ.
РРЅРґСѓРєС‚РёРІРЅС‹Рµ РґР°С‚С‡РёРєРё,Р‘РµСЃРєРѕРЅС‚Р°РєС‚РЅС‹Р№ РІС‹РєР»СЋС‡Р°С‚РµР»СЊ,ISB BS7A-10-N,https://teko-com.ru/product/isb-bs7a-10-n.html,2 700 СЂ.
РРЅРґСѓРєС‚РёРІРЅС‹Рµ РґР°С‚С‡РёРєРё,Р‘РµСЃРєРѕРЅС‚Р°РєС‚РЅС‹Р№ РІС‹РєР»СЋС‡Р°С‚РµР»СЊ,ISB BC2A-31N-3-LS4,https://teko-com.ru/product/isb-bc2a-31n-3-ls4.html,2 050 СЂ.
РРЅРґСѓРєС‚РёРІРЅС‹Рµ РґР°С‚С‡РёРєРё,Р‘РµСЃРєРѕРЅС‚Р°РєС‚РЅС‹Р№ РІС‹РєР»СЋС‡Р°С‚РµР»СЊ,"ISB A11B-31P-1,5-L-C",https://teko-com.ru/product/isb-a11b-31p-1-5-l-c.html,2 360 СЂ.
РРЅРґСѓРєС‚РёРІРЅС‹Рµ РґР°С‚С‡РёРєРё,Р‘РµСЃРєРѕРЅС‚Р°РєС‚РЅС‹Р№ РІС‹РєР»СЋС‡Р°С‚РµР»СЊ,ISN F4A-31P-8-L,https://teko-com.ru/product/isn-f4a-31p-8-l.html,1 460 СЂ.
РРЅРґСѓРєС‚РёРІРЅС‹Рµ РґР°С‚С‡РёРєРё,Р‘РµСЃРєРѕРЅС‚Р°РєС‚РЅС‹Р№ РІС‹РєР»СЋС‡Р°С‚РµР»СЊ,ISN F4A-31N-8-LP-C,https://teko-com.ru/product/isn-f4a-31n-8-lp-c.html,1 890 СЂ.
РРЅРґСѓРєС‚РёРІРЅС‹Рµ РґР°С‚С‡РёРєРё,Р‘РµСЃРєРѕРЅС‚Р°РєС‚РЅС‹Р№ РІС‹РєР»СЋС‡Р°С‚РµР»СЊ,ISN E41A-43P-8-LZ,https://teko-com.ru/product/isn-e41a-43p-8-lz.html,1 600 СЂ.
РРЅРґСѓРєС‚РёРІРЅС‹Рµ РґР°С‚С‡РёРєРё,Р‘РµСЃРєРѕРЅС‚Р°РєС‚РЅС‹Р№ РІС‹РєР»СЋС‡Р°С‚РµР»СЊ,ISBt AC8A8-32P-10F-ZS4-C-P,https://teko-com.ru/product/isbt-ac8a8-32p-10f-zs4-c-p.html,1 730 СЂ.
РРЅРґСѓРєС‚РёРІРЅС‹Рµ РґР°С‚С‡РёРєРё,Р‘РµСЃРєРѕРЅС‚Р°РєС‚РЅС‹Р№ РІС‹РєР»СЋС‡Р°С‚РµР»СЊ,ISN I7P5-43P-R50-LZ,https://teko-com.ru/product/isn-i7p5-43p-r50-lz.html,3 500 СЂ.
РРЅРґСѓРєС‚РёРІРЅС‹Рµ РґР°С‚С‡РёРєРё,Р‘РµСЃРєРѕРЅС‚Р°РєС‚РЅС‹Р№ РІС‹РєР»СЋС‡Р°С‚РµР»СЊ,"ISB AF4B-31P-5-LZ-4,5",https://teko-com.ru/index.php?route=product/product&path=1437&product_id=17324,1 350 СЂ.,1-3 РґРЅСЏ
РРЅРґСѓРєС‚РёРІРЅС‹Рµ РґР°С‚С‡РёРєРё,Р‘РµСЃРєРѕРЅС‚Р°РєС‚РЅС‹Р№ РІС‹РєР»СЋС‡Р°С‚РµР»СЊ,ISN ET8A-31N-15-LZ,https://teko-com.ru/product/isn-et8a-31n-15-lz.html,1 990 СЂ.,1-3 РґРЅСЏ
РРЅРґСѓРєС‚РёРІРЅС‹Рµ РґР°С‚С‡РёРєРё,Р‘РµСЃРєРѕРЅС‚Р°РєС‚РЅС‹Р№ РІС‹РєР»СЋС‡Р°С‚РµР»СЊ,ISB A4B-31P-5-LZ-C,https://teko-com.ru/product/isb-a4b-31p-5-lz-c.html,2 050 СЂ.,1-3 РґРЅСЏ
РРЅРґСѓРєС‚РёРІРЅС‹Рµ РґР°С‚С‡РёРєРё,Р‘РµСЃРєРѕРЅС‚Р°РєС‚РЅС‹Р№ РІС‹РєР»СЋС‡Р°С‚РµР»СЊ,ISB A4A8-31P-5F-LZT1-C-P,https://teko-com.ru/product/isb-a4a8-31p-5f-lzt1-c-p.html,1 740 СЂ.,1-3 РґРЅСЏ
РРЅРґСѓРєС‚РёРІРЅС‹Рµ РґР°С‚С‡РёРєРё,Р‘РµСЃРєРѕРЅС‚Р°РєС‚РЅС‹Р№ РІС‹РєР»СЋС‡Р°С‚РµР»СЊ,ISN F4A-31P-8-LZ,https://teko-com.ru/product/isn-f4a-31p-8-lz.html,1 490 СЂ.,1-3 РґРЅСЏ
РРЅРґСѓРєС‚РёРІРЅС‹Рµ РґР°С‚С‡РёРєРё,Р‘РµСЃРєРѕРЅС‚Р°РєС‚РЅС‹Р№ РІС‹РєР»СЋС‡Р°С‚РµР»СЊ,"ISB AC12S-31P-1,5-LS4-H",https://teko-com.ru/product/isb-ac12s-31p-1-5-ls4-h.html,3 780 СЂ.,1-3 РґРЅСЏ
РРЅРґСѓРєС‚РёРІРЅС‹Рµ РґР°С‚С‡РёРєРё,Р‘РµСЃРєРѕРЅС‚Р°РєС‚РЅС‹Р№ РІС‹РєР»СЋС‡Р°С‚РµР»СЊ,"ISB B1B-31P-1,5F-LP-C",https://teko-com.ru/product/isb-b1b-31p-1-5f-lp-c.html,2 190 СЂ.,1-3 РґРЅСЏ
РРЅРґСѓРєС‚РёРІРЅС‹Рµ РґР°С‚С‡РёРєРё,Р‘РµСЃРєРѕРЅС‚Р°РєС‚РЅС‹Р№ РІС‹РєР»СЋС‡Р°С‚РµР»СЊ,ISB AC8A-43P-10-LZS4,https://teko-com.ru/product/isb-ac8a-43p-10-lzs4.html,2 140 СЂ.,1-3 РґРЅСЏ
РРЅРґСѓРєС‚РёРІРЅС‹Рµ РґР°С‚С‡РёРєРё,Р‘РµСЃРєРѕРЅС‚Р°РєС‚РЅС‹Р№ РІС‹РєР»СЋС‡Р°С‚РµР»СЊ,ISN F4A-32P-8-LZ,https://teko-com.ru/product/isn-f4a-32p-8-lz.html,1 910 СЂ.,1-3 РґРЅСЏ
РРЅРґСѓРєС‚РёРІРЅС‹Рµ РґР°С‚С‡РёРєРё,Р‘РµСЃРєРѕРЅС‚Р°РєС‚РЅС‹Р№ РІС‹РєР»СЋС‡Р°С‚РµР»СЊ,"ISB WC29S8-31P-1,5-ZS4-2",https://teko-com.ru/product/isb-wc29s8-31p-1-5-zs4-2.html,6 500 СЂ.,1-3 РґРЅСЏ
РРЅРґСѓРєС‚РёРІРЅС‹Рµ РґР°С‚С‡РёРєРё,Р‘РµСЃРєРѕРЅС‚Р°РєС‚РЅС‹Р№ РІС‹РєР»СЋС‡Р°С‚РµР»СЊ,ISN E73A-02G-15-L,https://teko-com.ru/product/isn-e73a-02g-15-l.html,2 470 СЂ.,1-3 РґРЅСЏ
РРЅРґСѓРєС‚РёРІРЅС‹Рµ РґР°С‚С‡РёРєРё,Р‘РµСЃРєРѕРЅС‚Р°РєС‚РЅС‹Р№ РІС‹РєР»СЋС‡Р°С‚РµР»СЊ,ISB AF42A-11G-5-LZ-C,https://teko-com.ru/product/isb-af42a-11g-5-lz-c.html,2 740 СЂ.,1-3 РґРЅСЏ
РРЅРґСѓРєС‚РёРІРЅС‹Рµ РґР°С‚С‡РёРєРё,Р‘РµСЃРєРѕРЅС‚Р°РєС‚РЅС‹Р№ РІС‹РєР»СЋС‡Р°С‚РµР»СЊ,ISN ET6A-43P-10-LZ,https://teko-com.ru/product/isn-et6a-43p-10-lz.html,2 150 СЂ.,1-3 РґРЅСЏ
РРЅРґСѓРєС‚РёРІРЅС‹Рµ РґР°С‚С‡РёРєРё,Р‘РµСЃРєРѕРЅС‚Р°РєС‚РЅС‹Р№ РІС‹РєР»СЋС‡Р°С‚РµР»СЊ,ISN ET8A-43N-15-LZ-C,https://teko-com.ru/product/isn-et8a-43n-15-lz-c.html,3 220 СЂ.,1-3 РґРЅСЏ
РРЅРґСѓРєС‚РёРІРЅС‹Рµ РґР°С‚С‡РёРєРё,Р‘РµСЃРєРѕРЅС‚Р°РєС‚РЅС‹Р№ РІС‹РєР»СЋС‡Р°С‚РµР»СЊ,"ISB WB22A8-31N-1,5-Z-1C-1",https://teko-com.ru/product/isb-wb22a8-31n-1-5-z-1c-1.html,5 830 СЂ.,1-3 РґРЅСЏ
РРЅРґСѓРєС‚РёРІРЅС‹Рµ РґР°С‚С‡РёРєРё,Р‘РµСЃРєРѕРЅС‚Р°РєС‚РЅС‹Р№ РІС‹РєР»СЋС‡Р°С‚РµР»СЊ,ISN I7P5-R25-N-4,https://teko-com.ru/product/isn-i7p5-r25-n-4.html,3 240 СЂ.,1-3 РґРЅСЏ
РРЅРґСѓРєС‚РёРІРЅС‹Рµ РґР°С‚С‡РёРєРё,Р‘РµСЃРєРѕРЅС‚Р°РєС‚РЅС‹Р№ РІС‹РєР»СЋС‡Р°С‚РµР»СЊ,ISB AF41A-31P-5-LZ-C,https://teko-com.ru/product/isb-af41a-31p-5-lz-c.html,1 850 СЂ.,1-3 РґРЅСЏ
РРЅРґСѓРєС‚РёРІРЅС‹Рµ РґР°С‚С‡РёРєРё,Р‘РµСЃРєРѕРЅС‚Р°РєС‚РЅС‹Р№ РІС‹РєР»СЋС‡Р°С‚РµР»СЊ,ISB A4A-31P-5-LZ,https://teko-com.ru/product/isb-a4a-31p-5-lz.html,1 580 СЂ.,1-3 РґРЅСЏ
РРЅРґСѓРєС‚РёРІРЅС‹Рµ РґР°С‚С‡РёРєРё,Р‘РµСЃРєРѕРЅС‚Р°РєС‚РЅС‹Р№ РІС‹РєР»СЋС‡Р°С‚РµР»СЊ,ISB B2B-32P-4-L-D,https://teko-com.ru/product/isb-b2b-32p-4-l-d.html,2 190 СЂ.,1-3 РґРЅСЏ
РРЅРґСѓРєС‚РёРІРЅС‹Рµ РґР°С‚С‡РёРєРё,РРЅРґСѓРєС‚РёРІРЅС‹Р№ РїСЂРµРѕР±СЂР°Р·РѕРІР°С‚РµР»СЊ РїРµСЂРµРјРµС‰РµРЅРёСЏ,ISAN E41A-31P-8-P,https://teko-com.ru/product/isan-e41a-31p-8-p.html,2 350 СЂ.,1-3 РґРЅСЏ
РРЅРґСѓРєС‚РёРІРЅС‹Рµ РґР°С‚С‡РёРєРё,Р‘РµСЃРєРѕРЅС‚Р°РєС‚РЅС‹Р№ РІС‹РєР»СЋС‡Р°С‚РµР»СЊ,ISB AC7A-31P-10-LZS4,https://teko-com.ru/product/isb-ac7a-31p-10-lzs4.html,1 590 СЂ.,1-3 РґРЅСЏ
РРЅРґСѓРєС‚РёРІРЅС‹Рµ РґР°С‚С‡РёРєРё,Р‘РµСЃРєРѕРЅС‚Р°РєС‚РЅС‹Р№ РІС‹РєР»СЋС‡Р°С‚РµР»СЊ,"ISB A11B-31N-1,5-L-C",https://teko-com.ru/product/isb-a11b-31n-1-5-l-c.html,2 480 СЂ.,1-3 РґРЅСЏ
РРЅРґСѓРєС‚РёРІРЅС‹Рµ РґР°С‚С‡РёРєРё,Р‘РµСЃРєРѕРЅС‚Р°РєС‚РЅС‹Р№ РІС‹РєР»СЋС‡Р°С‚РµР»СЊ,IV2B AC41A5-49P-6-LZS4,https://teko-com.ru/product/iv2b-ac41a5-49p-6-lzs4.html,5 670 СЂ.,1-3 РґРЅСЏ
РРЅРґСѓРєС‚РёРІРЅС‹Рµ РґР°С‚С‡РёРєРё,Р‘РµСЃРєРѕРЅС‚Р°РєС‚РЅС‹Р№ РІС‹РєР»СЋС‡Р°С‚РµР»СЊ,ISN E4A-31P-8-LZ,https://teko-com.ru/product/isn-e4a-31p-8-lz.html,1 760 СЂ.,1-3 РґРЅСЏ
РРЅРґСѓРєС‚РёРІРЅС‹Рµ РґР°С‚С‡РёРєРё,Р‘РµСЃРєРѕРЅС‚Р°РєС‚РЅС‹Р№ РІС‹РєР»СЋС‡Р°С‚РµР»СЊ,ISB I1P-31N-5-LZ,https://teko-com.ru/product/isb-i1p-31n-5-lz.html,1 400 СЂ.,1-3 РґРЅСЏ
РРЅРґСѓРєС‚РёРІРЅС‹Рµ РґР°С‚С‡РёРєРё,Р‘РµСЃРєРѕРЅС‚Р°РєС‚РЅС‹Р№ РІС‹РєР»СЋС‡Р°С‚РµР»СЊ,ISB AF4A-31P-5-LZ-C-1,https://teko-com.ru/product/isb-af4a-31p-5-lz-c-1.html,1 740 СЂ.,1-3 РґРЅСЏ
РРЅРґСѓРєС‚РёРІРЅС‹Рµ РґР°С‚С‡РёРєРё,Р‘РµСЃРєРѕРЅС‚Р°РєС‚РЅС‹Р№ РІС‹РєР»СЋС‡Р°С‚РµР»СЊ,ISB AF4A-31P-5-LZ,https://teko-com.ru/index.php?route=product/product&path=1437&product_id=17313,1 420 СЂ.,1-3 РґРЅСЏ
РРЅРґСѓРєС‚РёРІРЅС‹Рµ РґР°С‚С‡РёРєРё,Р‘РµСЃРєРѕРЅС‚Р°РєС‚РЅС‹Р№ РІС‹РєР»СЋС‡Р°С‚РµР»СЊ,ISB BC7A-31P-15-LS4,https://teko-com.ru/product/isb-bc7a-31p-15-ls4.html,2 630 СЂ.,1-3 РґРЅСЏ
РРЅРґСѓРєС‚РёРІРЅС‹Рµ РґР°С‚С‡РёРєРё,Р‘РµСЃРєРѕРЅС‚Р°РєС‚РЅС‹Р№ РІС‹РєР»СЋС‡Р°С‚РµР»СЊ,ISB AF9A-31P-12-LZ,https://teko-com.ru/product/isb-af9a-31p-12-lz.html,1 700 СЂ.,1-3 РґРЅСЏ
РРЅРґСѓРєС‚РёРІРЅС‹Рµ РґР°С‚С‡РёРєРё,Р‘РµСЃРєРѕРЅС‚Р°РєС‚РЅС‹Р№ РІС‹РєР»СЋС‡Р°С‚РµР»СЊ,ISB A2B-31P-2-LZ,https://teko-com.ru/product/isb-a2b-31p-2-lz.html,1 360 СЂ.,1-3 РґРЅСЏ
РРЅРґСѓРєС‚РёРІРЅС‹Рµ РґР°С‚С‡РёРєРё,Р‘РµСЃРєРѕРЅС‚Р°РєС‚РЅС‹Р№ РІС‹РєР»СЋС‡Р°С‚РµР»СЊ,ISB B7A-32P-10-L-C,https://teko-com.ru/product/isb-b7a-32p-10-l-c.html,1 950 СЂ.,1-3 РґРЅСЏ
РРЅРґСѓРєС‚РёРІРЅС‹Рµ РґР°С‚С‡РёРєРё,Р‘РµСЃРєРѕРЅС‚Р°РєС‚РЅС‹Р№ РІС‹РєР»СЋС‡Р°С‚РµР»СЊ,ISB AF4A-31N-5-LZ-C,https://teko-com.ru/product/isb-af4a-31n-5-lz-c.html,2 080 СЂ.,1-3 РґРЅСЏ
РРЅРґСѓРєС‚РёРІРЅС‹Рµ РґР°С‚С‡РёРєРё,Р‘РµСЃРєРѕРЅС‚Р°РєС‚РЅС‹Р№ РІС‹РєР»СЋС‡Р°С‚РµР»СЊ,"ISB AC12B-31P-1,5-LS4-H",https://teko-com.ru/product/isb-ac12b-31p-1-5-ls4-h.html,3 120 СЂ.,1-3 РґРЅСЏ
РРЅРґСѓРєС‚РёРІРЅС‹Рµ РґР°С‚С‡РёРєРё,Р‘РµСЃРєРѕРЅС‚Р°РєС‚РЅС‹Р№ РІС‹РєР»СЋС‡Р°С‚РµР»СЊ,ISB A4B-43P-5-LZ-C,https://teko-com.ru/product/isb-a4b-43p-5-lz-c.html,2 090 СЂ.,1-3 РґРЅСЏ
РРЅРґСѓРєС‚РёРІРЅС‹Рµ РґР°С‚С‡РёРєРё,Р‘РµСЃРєРѕРЅС‚Р°РєС‚РЅС‹Р№ РІС‹РєР»СЋС‡Р°С‚РµР»СЊ,ISB B4A-32N-8-LZ,https://teko-com.ru/product/isb-b4a-32n-8-lz.html,2 340 СЂ.,1-3 РґРЅСЏ
РРЅРґСѓРєС‚РёРІРЅС‹Рµ РґР°С‚С‡РёРєРё,Р‘РµСЃРєРѕРЅС‚Р°РєС‚РЅС‹Р№ РІС‹РєР»СЋС‡Р°С‚РµР»СЊ,"ISN F1B-31N-2,5-L",https://teko-com.ru/product/isn-f1b-31n-2-5-l.html,1 800 СЂ.,1-3 РґРЅСЏ
РРЅРґСѓРєС‚РёРІРЅС‹Рµ РґР°С‚С‡РёРєРё,Р‘РµСЃРєРѕРЅС‚Р°РєС‚РЅС‹Р№ РІС‹РєР»СЋС‡Р°С‚РµР»СЊ,ISN EC8A-31P-15-LZS4,https://teko-com.ru/product/isn-ec8a-31p-15-lzs4.html,2 520 СЂ.,1-3 РґРЅСЏ
РРЅРґСѓРєС‚РёРІРЅС‹Рµ РґР°С‚С‡РёРєРё,Р‘РµСЃРєРѕРЅС‚Р°РєС‚РЅС‹Р№ РІС‹РєР»СЋС‡Р°С‚РµР»СЊ,ISB BC7A-10-N-S4,https://teko-com.ru/product/isb-bc7a-10-n-s4.html,2 880 СЂ.,1-3 РґРЅСЏ
РРЅРґСѓРєС‚РёРІРЅС‹Рµ РґР°С‚С‡РёРєРё,Р‘РµСЃРєРѕРЅС‚Р°РєС‚РЅС‹Р№ РІС‹РєР»СЋС‡Р°С‚РµР»СЊ,ISB AC4A-31N-5-LS4-C,https://teko-com.ru/product/isb-ac4a-31n-5-ls4-c.html,1 980 СЂ.,1-3 РґРЅСЏ
РРЅРґСѓРєС‚РёРІРЅС‹Рµ РґР°С‚С‡РёРєРё,Р‘РµСЃРєРѕРЅС‚Р°РєС‚РЅС‹Р№ РІС‹РєР»СЋС‡Р°С‚РµР»СЊ,ISN F2A-31P-4-L,https://teko-com.ru/product/isn-f2a-31p-4-l.html,1 670 СЂ.,1-3 РґРЅСЏ
РРЅРґСѓРєС‚РёРІРЅС‹Рµ РґР°С‚С‡РёРєРё,Р‘РµСЃРєРѕРЅС‚Р°РєС‚РЅС‹Р№ РІС‹РєР»СЋС‡Р°С‚РµР»СЊ,ISN ET8A-31P-15-LZ,https://teko-com.ru/product/isn-et8a-31p-15-lz.html,1 890 СЂ.,1-3 РґРЅСЏ
РРЅРґСѓРєС‚РёРІРЅС‹Рµ РґР°С‚С‡РёРєРё,Р‘РµСЃРєРѕРЅС‚Р°РєС‚РЅС‹Р№ РІС‹РєР»СЋС‡Р°С‚РµР»СЊ,"ISB A11B-31P-1,5-L-C",https://teko-com.ru/product/isb-a11b-31p-1-5-l-c.html,2 360 СЂ.,1-3 РґРЅСЏ
РРЅРґСѓРєС‚РёРІРЅС‹Рµ РґР°С‚С‡РёРєРё,Р‘РµСЃРєРѕРЅС‚Р°РєС‚РЅС‹Р№ РІС‹РєР»СЋС‡Р°С‚РµР»СЊ,"ISBt AC27B8-32P-4F-LTR9-C-P1-0,2",https://teko-com.ru/product/isbt-ac27b8-32p-4f-ltr9-c-p1-0-2.html,3 340 СЂ.,1-3 РґРЅСЏ
РРЅРґСѓРєС‚РёРІРЅС‹Рµ РґР°С‚С‡РёРєРё,Р‘РµСЃРєРѕРЅС‚Р°РєС‚РЅС‹Р№ РІС‹РєР»СЋС‡Р°С‚РµР»СЊ,"ISB B11B-31N-1,5-L-V",https://teko-com.ru/product/isb-b11b-31n-1-5-l-v.html,2 040 СЂ.,1-3 РґРЅСЏ
РРЅРґСѓРєС‚РёРІРЅС‹Рµ РґР°С‚С‡РёРєРё,Р‘РµСЃРєРѕРЅС‚Р°РєС‚РЅС‹Р№ РІС‹РєР»СЋС‡Р°С‚РµР»СЊ,ISB AT26A-21-2-LP,https://teko-com.ru/product/isb-at26a-21-2-lp.html,2 010 СЂ.,1-3 РґРЅСЏ
РРЅРґСѓРєС‚РёРІРЅС‹Рµ РґР°С‚С‡РёРєРё,Р‘РµСЃРєРѕРЅС‚Р°РєС‚РЅС‹Р№ РІС‹РєР»СЋС‡Р°С‚РµР»СЊ,ISN E4A-21-8-LP,https://teko-com.ru/product/isn-e4a-21-8-lp.html,2 630 СЂ.,1-3 РґРЅСЏ
РРЅРґСѓРєС‚РёРІРЅС‹Рµ РґР°С‚С‡РёРєРё,Р‘РµСЃРєРѕРЅС‚Р°РєС‚РЅС‹Р№ РІС‹РєР»СЋС‡Р°С‚РµР»СЊ,ISBtEx AF8A8-31P-10-LZ-C-P-4,https://teko-com.ru/product/isbtex-af8a8-31p-10-lz-c-p-4.html,2 800 СЂ.,1-3 РґРЅСЏ
РРЅРґСѓРєС‚РёРІРЅС‹Рµ РґР°С‚С‡РёРєРё,Р‘РµСЃРєРѕРЅС‚Р°РєС‚РЅС‹Р№ РІС‹РєР»СЋС‡Р°С‚РµР»СЊ,ISB W32B-4-N-1-C,https://teko-com.ru/product/isb-w32b-4-n-1-c.html,13 630 СЂ.,1-3 РґРЅСЏ
РРЅРґСѓРєС‚РёРІРЅС‹Рµ РґР°С‚С‡РёРєРё,Р‘РµСЃРєРѕРЅС‚Р°РєС‚РЅС‹Р№ РІС‹РєР»СЋС‡Р°С‚РµР»СЊ,ISB B2A8-31N-3-LP-C,https://teko-com.ru/product/isb-b2a8-31n-3-lp-c.html,1 680 СЂ.,1-3 РґРЅСЏ
РРЅРґСѓРєС‚РёРІРЅС‹Рµ РґР°С‚С‡РёРєРё,Р‘РµСЃРєРѕРЅС‚Р°РєС‚РЅС‹Р№ РІС‹РєР»СЋС‡Р°С‚РµР»СЊ,ISB AC12B-31P-3-LS4,https://teko-com.ru/product/isb-ac12b-31p-3-ls4.html,2 500 СЂ.,1-3 РґРЅСЏ
РРЅРґСѓРєС‚РёРІРЅС‹Рµ РґР°С‚С‡РёРєРё,Р‘РµСЃРєРѕРЅС‚Р°РєС‚РЅС‹Р№ РІС‹РєР»СЋС‡Р°С‚РµР»СЊ,ISB A8B-31P-10-LZ-C-1,https://teko-com.ru/product/isb-a8b-31p-10-lz-c-1.html,2 690 СЂ.,1-3 РґРЅСЏ
РРЅРґСѓРєС‚РёРІРЅС‹Рµ РґР°С‚С‡РёРєРё,Р‘РµСЃРєРѕРЅС‚Р°РєС‚РЅС‹Р№ РІС‹РєР»СЋС‡Р°С‚РµР»СЊ,ISN F7A-32N-15E-LZ-P,https://teko-com.ru/product/isn-f7a-32n-15e-lz-p.html,1 910 СЂ.,1-3 РґРЅСЏ
РРЅРґСѓРєС‚РёРІРЅС‹Рµ РґР°С‚С‡РёРєРё,Р‘РµСЃРєРѕРЅС‚Р°РєС‚РЅС‹Р№ РІС‹РєР»СЋС‡Р°С‚РµР»СЊ,ISN E71A-11-14-LZ,https://teko-com.ru/product/isn-e71a-11-14-lz.html,3 260 СЂ.,1-3 РґРЅСЏ
РРЅРґСѓРєС‚РёРІРЅС‹Рµ РґР°С‚С‡РёРєРё,Р‘РµСЃРєРѕРЅС‚Р°РєС‚РЅС‹Р№ РІС‹РєР»СЋС‡Р°С‚РµР»СЊ,ISN F4A-32N-8-L-C,https://teko-com.ru/product/isn-f4a-32n-8-l-c.html,2 380 СЂ.,1-3 РґРЅСЏ
РРЅРґСѓРєС‚РёРІРЅС‹Рµ РґР°С‚С‡РёРєРё,Р‘РµСЃРєРѕРЅС‚Р°РєС‚РЅС‹Р№ РІС‹РєР»СЋС‡Р°С‚РµР»СЊ,ISN EF8B-32N-15-LZ,https://teko-com.ru/product/isn-ef8b-32n-15-lz.html,2 110 СЂ.,1-3 РґРЅСЏ
РРЅРґСѓРєС‚РёРІРЅС‹Рµ РґР°С‚С‡РёРєРё,Р‘РµСЃРєРѕРЅС‚Р°РєС‚РЅС‹Р№ РІС‹РєР»СЋС‡Р°С‚РµР»СЊ,ISN E4A-31P-12-LZ-5,https://teko-com.ru/product/isn-e4a-31p-12-lz-5.html,1 860 СЂ.,1-3 РґРЅСЏ
РРЅРґСѓРєС‚РёРІРЅС‹Рµ РґР°С‚С‡РёРєРё,Р‘РµСЃРєРѕРЅС‚Р°РєС‚РЅС‹Р№ РІС‹РєР»СЋС‡Р°С‚РµР»СЊ,ISB BC7A-10-N-S4-C,https://teko-com.ru/product/isb-bc7a-10-n-s4-c.html,3 090 СЂ.,1-3 РґРЅСЏ
РРЅРґСѓРєС‚РёРІРЅС‹Рµ РґР°С‚С‡РёРєРё,Р‘РµСЃРєРѕРЅС‚Р°РєС‚РЅС‹Р№ РІС‹РєР»СЋС‡Р°С‚РµР»СЊ,ISB AF4A-31P-5F-LZ-C,https://teko-com.ru/product/isb-af4a-31p-5f-lz-c.html,1 850 СЂ.,1-3 РґРЅСЏ
РРЅРґСѓРєС‚РёРІРЅС‹Рµ РґР°С‚С‡РёРєРё,Р‘РµСЃРєРѕРЅС‚Р°РєС‚РЅС‹Р№ РІС‹РєР»СЋС‡Р°С‚РµР»СЊ,ISB AC81A-12G-10-LZS27,https://teko-com.ru/product/isb-ac81a-12g-10-lzs27.html,2 400 СЂ.,1-3 РґРЅСЏ
РРЅРґСѓРєС‚РёРІРЅС‹Рµ РґР°С‚С‡РёРєРё,Р‘РµСЃРєРѕРЅС‚Р°РєС‚РЅС‹Р№ РІС‹РєР»СЋС‡Р°С‚РµР»СЊ,ISB AC4A-32N-5-LZS4-C,https://teko-com.ru/product/isb-ac4a-32n-5-lzs4-c.html,2 080 СЂ.,1-3 РґРЅСЏ
РРЅРґСѓРєС‚РёРІРЅС‹Рµ РґР°С‚С‡РёРєРё,Р‘РµСЃРєРѕРЅС‚Р°РєС‚РЅС‹Р№ РІС‹РєР»СЋС‡Р°С‚РµР»СЊ,ISB A4A-31N-8-LZ,https://teko-com.ru/product/isb-a4a-31n-8-lz.html,1 800 СЂ.,1-3 РґРЅСЏ
РРЅРґСѓРєС‚РёРІРЅС‹Рµ РґР°С‚С‡РёРєРё,Р‘РµСЃРєРѕРЅС‚Р°РєС‚РЅС‹Р№ РІС‹РєР»СЋС‡Р°С‚РµР»СЊ,IV2B AC81A5-43P-10-LZS4,https://teko-com.ru/product/iv2b-ac81a5-43p-10-lzs4.html,3 980 СЂ.,1-3 РґРЅСЏ
РРЅРґСѓРєС‚РёРІРЅС‹Рµ РґР°С‚С‡РёРєРё,Р‘РµСЃРєРѕРЅС‚Р°РєС‚РЅС‹Р№ РІС‹РєР»СЋС‡Р°С‚РµР»СЊ,ISN EC85P-312P-35G-LZS4,https://teko-com.ru/product/isn-ec85p-312p-35g-lzs4.html,3 840 СЂ.,1-3 РґРЅСЏ
РРЅРґСѓРєС‚РёРІРЅС‹Рµ РґР°С‚С‡РёРєРё,Р‘РµСЃРєРѕРЅС‚Р°РєС‚РЅС‹Р№ РІС‹РєР»СЋС‡Р°С‚РµР»СЊ,ISB L3A-31P-10E-LZ,https://teko-com.ru/product/isb-l3a-31p-10e-lz.html,1 340 СЂ.,1-3 РґРЅСЏ
РРЅРґСѓРєС‚РёРІРЅС‹Рµ РґР°С‚С‡РёРєРё,Р‘РµСЃРєРѕРЅС‚Р°РєС‚РЅС‹Р№ РІС‹РєР»СЋС‡Р°С‚РµР»СЊ,ISB BS7A-10-N,https://teko-com.ru/product/isb-bs7a-10-n.html,2 700 СЂ.,1-3 РґРЅСЏ
РРЅРґСѓРєС‚РёРІРЅС‹Рµ РґР°С‚С‡РёРєРё,Р‘РµСЃРєРѕРЅС‚Р°РєС‚РЅС‹Р№ РІС‹РєР»СЋС‡Р°С‚РµР»СЊ,ISN E41A-43P-8-LZ,https://teko-com.ru/product/isn-e41a-43p-8-lz.html,1 600 СЂ.,1-3 РґРЅСЏ
РРЅРґСѓРєС‚РёРІРЅС‹Рµ РґР°С‚С‡РёРєРё,Р‘РµСЃРєРѕРЅС‚Р°РєС‚РЅС‹Р№ РІС‹РєР»СЋС‡Р°С‚РµР»СЊ,ISB BC2A-31N-3-LS4,https://teko-com.ru/product/isb-bc2a-31n-3-ls4.html,2 050 СЂ.,1-3 РґРЅСЏ
РРЅРґСѓРєС‚РёРІРЅС‹Рµ РґР°С‚С‡РёРєРё,Р‘РµСЃРєРѕРЅС‚Р°РєС‚РЅС‹Р№ РІС‹РєР»СЋС‡Р°С‚РµР»СЊ,ISB AC41B-43P-8-LZS4,https://teko-com.ru/product/isb-ac41b-43p-8-lzs4.html,2 930 СЂ.,1-3 РґРЅСЏ
РРЅРґСѓРєС‚РёРІРЅС‹Рµ РґР°С‚С‡РёРєРё,Р‘РµСЃРєРѕРЅС‚Р°РєС‚РЅС‹Р№ РІС‹РєР»СЋС‡Р°С‚РµР»СЊ,ISN F4A-31P-8-L,https://teko-com.ru/product/isn-f4a-31p-8-l.html,1 460 СЂ.,1-3 РґРЅСЏ
РРЅРґСѓРєС‚РёРІРЅС‹Рµ РґР°С‚С‡РёРєРё,Р‘РµСЃРєРѕРЅС‚Р°РєС‚РЅС‹Р№ РІС‹РєР»СЋС‡Р°С‚РµР»СЊ,ISN F4A-31N-8-LP-C,https://teko-com.ru/product/isn-f4a-31n-8-lp-c.html,1 890 СЂ.,1-3 РґРЅСЏ
РРЅРґСѓРєС‚РёРІРЅС‹Рµ РґР°С‚С‡РёРєРё,Р‘РµСЃРєРѕРЅС‚Р°РєС‚РЅС‹Р№ РІС‹РєР»СЋС‡Р°С‚РµР»СЊ,ISBt AC8A8-32P-10F-ZS4-C-P,https://teko-com.ru/product/isbt-ac8a8-32p-10f-zs4-c-p.html,1 730 СЂ.,1-3 РґРЅСЏ
РРЅРґСѓРєС‚РёРІРЅС‹Рµ РґР°С‚С‡РёРєРё,Р‘РµСЃРєРѕРЅС‚Р°РєС‚РЅС‹Р№ РІС‹РєР»СЋС‡Р°С‚РµР»СЊ,ISB A8A-43P-10-LZ,https://teko-com.ru/product/isb-a8a-43p-10-lz.html,2 140 СЂ.,1-3 РґРЅСЏ
РРЅРґСѓРєС‚РёРІРЅС‹Рµ РґР°С‚С‡РёРєРё,Р‘РµСЃРєРѕРЅС‚Р°РєС‚РЅС‹Р№ РІС‹РєР»СЋС‡Р°С‚РµР»СЊ,ISN I7P5-43P-R50-LZ,https://teko-com.ru/product/isn-i7p5-43p-r50-lz.html,3 500 СЂ.,1-3 РґРЅСЏ
РРЅРґСѓРєС‚РёРІРЅС‹Рµ РґР°С‚С‡РёРєРё,Р‘РµСЃРєРѕРЅС‚Р°РєС‚РЅС‹Р№ РІС‹РєР»СЋС‡Р°С‚РµР»СЊ,ISN FC2A-31N-4-LS4-C,https://teko-com.ru/product/isn-fc2a-31n-4-ls4-c.html,1 780 СЂ.,1-3 РґРЅСЏ
РРЅРґСѓРєС‚РёРІРЅС‹Рµ РґР°С‚С‡РёРєРё,Р‘РµСЃРєРѕРЅС‚Р°РєС‚РЅС‹Р№ РІС‹РєР»СЋС‡Р°С‚РµР»СЊ,ISB BC4A-31P-8-LS4,https://teko-com.ru/product/isb-bc4a-31p-8-ls4.html,2 220 СЂ.,1-3 РґРЅСЏ
РРЅРґСѓРєС‚РёРІРЅС‹Рµ РґР°С‚С‡РёРєРё,Р‘РµСЃРєРѕРЅС‚Р°РєС‚РЅС‹Р№ РІС‹РєР»СЋС‡Р°С‚РµР»СЊ,ISB AT42A-01G-5-L,https://teko-com.ru/product/isb-at42a-01g-5-l.html,2 180 СЂ.,1-3 РґРЅСЏ
РРЅРґСѓРєС‚РёРІРЅС‹Рµ РґР°С‚С‡РёРєРё,Р‘РµСЃРєРѕРЅС‚Р°РєС‚РЅС‹Р№ РІС‹РєР»СЋС‡Р°С‚РµР»СЊ,ISB BF2A-31N-2-L-10,https://teko-com.ru/product/isb-bf2a-31n-2-l-10.html,2 460 СЂ.,1-3 РґРЅСЏ
РРЅРґСѓРєС‚РёРІРЅС‹Рµ РґР°С‚С‡РёРєРё,Р‘РµСЃРєРѕРЅС‚Р°РєС‚РЅС‹Р№ РІС‹РєР»СЋС‡Р°С‚РµР»СЊ,ISN FS4A8-32P-12-L,https://teko-com.ru/product/isn-fs4a8-32p-12-l.html,3 760 СЂ.,1-3 РґРЅСЏ
РРЅРґСѓРєС‚РёРІРЅС‹Рµ РґР°С‚С‡РёРєРё,Р‘РµСЃРєРѕРЅС‚Р°РєС‚РЅС‹Р№ РІС‹РєР»СЋС‡Р°С‚РµР»СЊ,ISN F4A-32P-8-L,https://teko-com.ru/product/isn-f4a-32p-8-l.html,1 650 СЂ.,1-3 РґРЅСЏ
РРЅРґСѓРєС‚РёРІРЅС‹Рµ РґР°С‚С‡РёРєРё,Р‘РµСЃРєРѕРЅС‚Р°РєС‚РЅС‹Р№ РІС‹РєР»СЋС‡Р°С‚РµР»СЊ,ISBt A27B8-31P-4-LTT5-C-P1,https://teko-com.ru/product/isbt-a27b8-31p-4-ltt5-c-p1.html,2 460 СЂ.,1-3 РґРЅСЏ
РРЅРґСѓРєС‚РёРІРЅС‹Рµ РґР°С‚С‡РёРєРё,Р‘РµСЃРєРѕРЅС‚Р°РєС‚РЅС‹Р№ РІС‹РєР»СЋС‡Р°С‚РµР»СЊ,"ISB C0B-32P-1,5-L",https://teko-com.ru/product/isb-c0b-32p-1-5-l.html,2 140 СЂ.,1-3 РґРЅСЏ
РРЅРґСѓРєС‚РёРІРЅС‹Рµ РґР°С‚С‡РёРєРё,Р‘РµСЃРєРѕРЅС‚Р°РєС‚РЅС‹Р№ РІС‹РєР»СЋС‡Р°С‚РµР»СЊ,ISB AT4A-43P-5-LZ,https://teko-com.ru/product/isb-at4a-43p-5-lz.html,1 790 СЂ.,1-3 РґРЅСЏ
РРЅРґСѓРєС‚РёРІРЅС‹Рµ РґР°С‚С‡РёРєРё,Р‘РµСЃРєРѕРЅС‚Р°РєС‚РЅС‹Р№ РІС‹РєР»СЋС‡Р°С‚РµР»СЊ,ISB AC8A-213-10-LZS4-C,https://teko-com.ru/product/isb-ac8a-213-10-lzs4-c.html,2 960 СЂ.,1-3 РґРЅСЏ
РРЅРґСѓРєС‚РёРІРЅС‹Рµ РґР°С‚С‡РёРєРё,Р‘РµСЃРєРѕРЅС‚Р°РєС‚РЅС‹Р№ РІС‹РєР»СЋС‡Р°С‚РµР»СЊ,ISN IC82P-12-N-S4,https://teko-com.ru/product/isn-ic82p-12-n-s4.html,2 490 СЂ.,1-3 РґРЅСЏ
РРЅРґСѓРєС‚РёРІРЅС‹Рµ РґР°С‚С‡РёРєРё,Р‘РµСЃРєРѕРЅС‚Р°РєС‚РЅС‹Р№ РІС‹РєР»СЋС‡Р°С‚РµР»СЊ,ISN EC2S-43P-6-LS4A,https://teko-com.ru/product/isn-ec2s-43p-6-ls4a.html,4 240 СЂ.,1-3 РґРЅСЏ
РРЅРґСѓРєС‚РёРІРЅС‹Рµ РґР°С‚С‡РёРєРё,Р‘РµСЃРєРѕРЅС‚Р°РєС‚РЅС‹Р№ РІС‹РєР»СЋС‡Р°С‚РµР»СЊ,"ISB WB22A8-1,5-N-1-C-5",https://teko-com.ru/product/isb-wb22a8-1-5-n-1-c-5.html,6 090 СЂ.,1-3 РґРЅСЏ
РРЅРґСѓРєС‚РёРІРЅС‹Рµ РґР°С‚С‡РёРєРё,Р‘РµСЃРєРѕРЅС‚Р°РєС‚РЅС‹Р№ РІС‹РєР»СЋС‡Р°С‚РµР»СЊ,ISB I121P-31P-15-LZ,https://teko-com.ru/product/isb-i121p-31p-15-lz.html,5 170 СЂ.,1-3 РґРЅСЏ
РРЅРґСѓРєС‚РёРІРЅС‹Рµ РґР°С‚С‡РёРєРё,Р‘РµСЃРєРѕРЅС‚Р°РєС‚РЅС‹Р№ РІС‹РєР»СЋС‡Р°С‚РµР»СЊ,ISB BC2A-31N-2-LS4,https://teko-com.ru/product/isb-bc2a-31n-2-ls4.html,1 630 СЂ.,1-3 РґРЅСЏ
РРЅРґСѓРєС‚РёРІРЅС‹Рµ РґР°С‚С‡РёРєРё,Р‘РµСЃРєРѕРЅС‚Р°РєС‚РЅС‹Р№ РІС‹РєР»СЋС‡Р°С‚РµР»СЊ,ISB AC7A-31N-10-LZS4,https://teko-com.ru/product/isb-ac7a-31n-10-lzs4.html,1 640 СЂ.,1-3 РґРЅСЏ
РРЅРґСѓРєС‚РёРІРЅС‹Рµ РґР°С‚С‡РёРєРё,Р‘РµСЃРєРѕРЅС‚Р°РєС‚РЅС‹Р№ РІС‹РєР»СЋС‡Р°С‚РµР»СЊ,ISB AC4A-32P-5F-LZS4-C-P,https://teko-com.ru/product/isb-ac4a-32p-5f-lzs4-c-p.html,2 590 СЂ.,1-3 РґРЅСЏ
РРЅРґСѓРєС‚РёРІРЅС‹Рµ РґР°С‚С‡РёРєРё,Р‘РµСЃРєРѕРЅС‚Р°РєС‚РЅС‹Р№ РІС‹РєР»СЋС‡Р°С‚РµР»СЊ,ISB AC2B-31P-2-LZS4,https://teko-com.ru/product/isb-ac2b-31p-2-lzs4.html,1 360 СЂ.,1-3 РґРЅСЏ
РРЅРґСѓРєС‚РёРІРЅС‹Рµ РґР°С‚С‡РёРєРё,Р‘РµСЃРєРѕРЅС‚Р°РєС‚РЅС‹Р№ РІС‹РєР»СЋС‡Р°С‚РµР»СЊ,ISB A8B-43N-10-LZ,https://teko-com.ru/product/isb%20a8b-43n-10-lz.html,2 360 СЂ.,1-3 РґРЅСЏ
РРЅРґСѓРєС‚РёРІРЅС‹Рµ РґР°С‚С‡РёРєРё,Р‘РµСЃРєРѕРЅС‚Р°РєС‚РЅС‹Р№ РІС‹РєР»СЋС‡Р°С‚РµР»СЊ,ISB A42A-12G-5-LZ,https://teko-com.ru/product/isb-a42a-12g-5-lz.html,2 840 СЂ.,1-3 РґРЅСЏ
РРЅРґСѓРєС‚РёРІРЅС‹Рµ РґР°С‚С‡РёРєРё,Р‘РµСЃРєРѕРЅС‚Р°РєС‚РЅС‹Р№ РІС‹РєР»СЋС‡Р°С‚РµР»СЊ,ISN EC4A-31P-8-LZS4-H,https://teko-com.ru/product/isn-ec4a-31p-8-lzs4-h.html,3 650 СЂ.,1-3 РґРЅСЏ
РРЅРґСѓРєС‚РёРІРЅС‹Рµ РґР°С‚С‡РёРєРё,Р‘РµСЃРєРѕРЅС‚Р°РєС‚РЅС‹Р№ РІС‹РєР»СЋС‡Р°С‚РµР»СЊ,ISB A4A-31N-5-LZ-5,https://teko-com.ru/product/isb-a4a-31n-5-lz-5.html,1 800 СЂ.,1-3 РґРЅСЏ
РРЅРґСѓРєС‚РёРІРЅС‹Рµ РґР°С‚С‡РёРєРё,Р‘РµСЃРєРѕРЅС‚Р°РєС‚РЅС‹Р№ РІС‹РєР»СЋС‡Р°С‚РµР»СЊ,ISB A42A-11G-5-LZ,https://teko-com.ru/product/isb-a42a-11g-5-lz.html,2 140 СЂ.,1-3 РґРЅСЏ
РРЅРґСѓРєС‚РёРІРЅС‹Рµ РґР°С‚С‡РёРєРё,Р‘РµСЃРєРѕРЅС‚Р°РєС‚РЅС‹Р№ РІС‹РєР»СЋС‡Р°С‚РµР»СЊ,"ISB A11B-31N-1,5-L",https://teko-com.ru/product/isb-a11b-31n-1-5-l.html,1 910 СЂ.,1-3 РґРЅСЏ
РРЅРґСѓРєС‚РёРІРЅС‹Рµ РґР°С‚С‡РёРєРё,Р‘РµСЃРєРѕРЅС‚Р°РєС‚РЅС‹Р№ РІС‹РєР»СЋС‡Р°С‚РµР»СЊ,ISN ImP-12-16-LZ,https://teko-com.ru/product/isn-imp-12-16-lz.html,2 680 СЂ.,1-3 РґРЅСЏ
РРЅРґСѓРєС‚РёРІРЅС‹Рµ РґР°С‚С‡РёРєРё,Р‘РµСЃРєРѕРЅС‚Р°РєС‚РЅС‹Р№ РІС‹РєР»СЋС‡Р°С‚РµР»СЊ,ISN I8P-01G-35-L,https://teko-com.ru/product/isn-i8p-01g-35-l.html,2 280 СЂ.,1-3 РґРЅСЏ
РРЅРґСѓРєС‚РёРІРЅС‹Рµ РґР°С‚С‡РёРєРё,Р‘РµСЃРєРѕРЅС‚Р°РєС‚РЅС‹Р№ РІС‹РєР»СЋС‡Р°С‚РµР»СЊ,ISN FS2A-32N-6-L-C-O,https://teko-com.ru/product/isn-fs2a-32n-6-l-c-o.html,4 850 СЂ.,1-3 РґРЅСЏ
РРЅРґСѓРєС‚РёРІРЅС‹Рµ РґР°С‚С‡РёРєРё,Р‘РµСЃРєРѕРЅС‚Р°РєС‚РЅС‹Р№ РІС‹РєР»СЋС‡Р°С‚РµР»СЊ,ISN F4A-31N-8-LZ,https://teko-com.ru/product/isn-f4a-31n-8-lz.html,1 620 СЂ.,1-3 РґРЅСЏ
РРЅРґСѓРєС‚РёРІРЅС‹Рµ РґР°С‚С‡РёРєРё,Р‘РµСЃРєРѕРЅС‚Р°РєС‚РЅС‹Р№ РІС‹РєР»СЋС‡Р°С‚РµР»СЊ,ISN EC8A-31N-15-LZS4,https://teko-com.ru/product/isn-ec8a-31n-15-lzs4.html,2 040 СЂ.,1-3 РґРЅСЏ
РРЅРґСѓРєС‚РёРІРЅС‹Рµ РґР°С‚С‡РёРєРё,Р‘РµСЃРєРѕРЅС‚Р°РєС‚РЅС‹Р№ РІС‹РєР»СЋС‡Р°С‚РµР»СЊ,ISN E71A-12G-14-LZ,https://teko-com.ru/product/isn-e71a-12g-14-lz.html,3 260 СЂ.,1-3 РґРЅСЏ
РРЅРґСѓРєС‚РёРІРЅС‹Рµ РґР°С‚С‡РёРєРё,Р‘РµСЃРєРѕРЅС‚Р°РєС‚РЅС‹Р№ РІС‹РєР»СЋС‡Р°С‚РµР»СЊ,ISB IC1P-43N-5-LS4,https://teko-com.ru/product/isb-ic1p-43n-5-ls4.html,1 670 СЂ.,1-3 РґРЅСЏ
РРЅРґСѓРєС‚РёРІРЅС‹Рµ РґР°С‚С‡РёРєРё,Р‘РµСЃРєРѕРЅС‚Р°РєС‚РЅС‹Р№ РІС‹РєР»СЋС‡Р°С‚РµР»СЊ,ISB AF8B-31P-10-LZ,https://teko-com.ru/product/isb-af8b-31p-10-lz.html,2 130 СЂ.,1-3 РґРЅСЏ
РРЅРґСѓРєС‚РёРІРЅС‹Рµ РґР°С‚С‡РёРєРё,Р‘РµСЃРєРѕРЅС‚Р°РєС‚РЅС‹Р№ РІС‹РєР»СЋС‡Р°С‚РµР»СЊ,IV1N I7P5-43N-R50-LZ,https://teko-com.ru/product/iv1n-i7p5-43n-r50-lz.html,5 280 СЂ.,1-3 РґРЅСЏ
РРЅРґСѓРєС‚РёРІРЅС‹Рµ РґР°С‚С‡РёРєРё,Р‘РµСЃРєРѕРЅС‚Р°РєС‚РЅС‹Р№ РІС‹РєР»СЋС‡Р°С‚РµР»СЊ,ISN IC7P5-31P-R35-LZS4,https://teko-com.ru/product/isn-ic7p5-31p-r35-lzs4.html,2 690 СЂ.,1-3 РґРЅСЏ
РРЅРґСѓРєС‚РёРІРЅС‹Рµ РґР°С‚С‡РёРєРё,Р‘РµСЃРєРѕРЅС‚Р°РєС‚РЅС‹Р№ РІС‹РєР»СЋС‡Р°С‚РµР»СЊ,ISN IC7P-31P-25-LZS4,https://teko-com.ru/product/isn-ic7p-31p-25-lzs4.html,2 040 СЂ.,1-3 РґРЅСЏ
РРЅРґСѓРєС‚РёРІРЅС‹Рµ РґР°С‚С‡РёРєРё,Р‘РµСЃРєРѕРЅС‚Р°РєС‚РЅС‹Р№ РІС‹РєР»СЋС‡Р°С‚РµР»СЊ,ISN H5A-12-35-LZ,https://teko-com.ru/product/isn-h5a-12-35-lz.html,2 410 СЂ.,1-3 РґРЅСЏ
РРЅРґСѓРєС‚РёРІРЅС‹Рµ РґР°С‚С‡РёРєРё,Р‘РµСЃРєРѕРЅС‚Р°РєС‚РЅС‹Р№ РІС‹РєР»СЋС‡Р°С‚РµР»СЊ,ISN F4A-31N-8-L-C,https://teko-com.ru/product/isn-f4a-31n-8-l-c.html,2 380 СЂ.,1-3 РґРЅСЏ
РРЅРґСѓРєС‚РёРІРЅС‹Рµ РґР°С‚С‡РёРєРё,Р‘РµСЃРєРѕРЅС‚Р°РєС‚РЅС‹Р№ РІС‹РєР»СЋС‡Р°С‚РµР»СЊ,ISN ET24A-11G-4-L,https://teko-com.ru/product/isn-et24a-11g-4-l.html,2 870 СЂ.,1-3 РґРЅСЏ
РРЅРґСѓРєС‚РёРІРЅС‹Рµ РґР°С‚С‡РёРєРё,Р‘РµСЃРєРѕРЅС‚Р°РєС‚РЅС‹Р№ РІС‹РєР»СЋС‡Р°С‚РµР»СЊ,ISN EC9A-31P-20-LZS4,https://teko-com.ru/product/isn-ec9a-31p-20-lzs4.html,1 800 СЂ.,1-3 РґРЅСЏ
РРЅРґСѓРєС‚РёРІРЅС‹Рµ РґР°С‚С‡РёРєРё,Р‘РµСЃРєРѕРЅС‚Р°РєС‚РЅС‹Р№ РІС‹РєР»СЋС‡Р°С‚РµР»СЊ,ISBt A2A8-31P-4-LZ-C-VP1,https://teko-com.ru/product/isbt-a2a8-31p-4-lz-c-p1-v.html,4 120 СЂ.,1-3 РґРЅСЏ
РРЅРґСѓРєС‚РёРІРЅС‹Рµ РґР°С‚С‡РёРєРё,Р‘РµСЃРєРѕРЅС‚Р°РєС‚РЅС‹Р№ РІС‹РєР»СЋС‡Р°С‚РµР»СЊ,ISB M2F-31P-10-LZ,https://teko-com.ru/product/isb-m2f-31p-10-lz.html,1 880 СЂ.,1-3 РґРЅСЏ
РРЅРґСѓРєС‚РёРІРЅС‹Рµ РґР°С‚С‡РёРєРё,Р‘РµСЃРєРѕРЅС‚Р°РєС‚РЅС‹Р№ РІС‹РєР»СЋС‡Р°С‚РµР»СЊ,ISB B4A-31P-8-L,https://teko-com.ru/product/isb-b4a-31p-8-l.html,2 090 СЂ.,1-3 РґРЅСЏ
РРЅРґСѓРєС‚РёРІРЅС‹Рµ РґР°С‚С‡РёРєРё,Р‘РµСЃРєРѕРЅС‚Р°РєС‚РЅС‹Р№ РІС‹РєР»СЋС‡Р°С‚РµР»СЊ,ISB AC4S-43P-8-LZS4-C,https://teko-com.ru/product/isb-ac4s-43p-8-lzs4-c.html,4 400 СЂ.,1-3 РґРЅСЏ
РРЅРґСѓРєС‚РёРІРЅС‹Рµ РґР°С‚С‡РёРєРё,Р‘РµСЃРєРѕРЅС‚Р°РєС‚РЅС‹Р№ РІС‹РєР»СЋС‡Р°С‚РµР»СЊ,ISB AC2A-32P-2-LZS4-H,https://teko-com.ru/product/isb-ac2a-32p-2-lzs4-h.html,3 120 СЂ.,1-3 РґРЅСЏ
РРЅРґСѓРєС‚РёРІРЅС‹Рµ РґР°С‚С‡РёРєРё,Р‘РµСЃРєРѕРЅС‚Р°РєС‚РЅС‹Р№ РІС‹РєР»СЋС‡Р°С‚РµР»СЊ,ISB A4A-32P-5F-LZ-P,https://teko-com.ru/product/isb-a4a-32p-5f-lz-p.html,1 930 СЂ.,1-3 РґРЅСЏ
РРЅРґСѓРєС‚РёРІРЅС‹Рµ РґР°С‚С‡РёРєРё,Р‘РµСЃРєРѕРЅС‚Р°РєС‚РЅС‹Р№ РІС‹РєР»СЋС‡Р°С‚РµР»СЊ,ISB A4A-31P-5-LZ-C,https://teko-com.ru/product/isb-a4a-31p-5-lz-c.html,2 050 СЂ.,1-3 РґРЅСЏ
РРЅРґСѓРєС‚РёРІРЅС‹Рµ РґР°С‚С‡РёРєРё,Р‘РµСЃРєРѕРЅС‚Р°РєС‚РЅС‹Р№ РІС‹РєР»СЋС‡Р°С‚РµР»СЊ,ISB A41A-22-5-LP-H,https://teko-com.ru/product/isb-a41a-22-5-lp-h.html,3 090 СЂ.,1-3 РґРЅСЏ
